title,genre
The Lost Symbol,Fiction
The Shack: Where Tragedy Confronts Eternity,Fiction
Liberty and Tyranny: A Conservative Manifesto,Non Fiction
"Breaking Dawn (The Twilight Saga, Book 4)",Fiction
Going Rogue: An American Life,Non Fiction
StrengthsFinder 2.0,Non Fiction
The Help,Fiction
New Moon (The Twilight Saga),Fiction
The Twilight Saga Collection,Fiction
Outliers: The Story of Success,Non Fiction
Eclipse (Twilight),Fiction
"Twilight (The Twilight Saga, Book 1)",Fiction
"Glenn Beck's Common Sense: The Case Against an Out-of-Control Government, Inspired by Thomas Paine",Non Fiction
Three Cups of Tea: One Man's Mission to Promote Peace - One School at a Time,Non Fiction
The Love Dare,Non Fiction
"Act Like a Lady, Think Like a Man: What Men Really Think About Love, Relationships, Intimacy, and Commitment",Non Fiction
"Dog Days (Diary of a Wimpy Kid, Book 4) (Volume 4)",Fiction
Under the Dome: A Novel,Fiction
The Guernsey Literary and Potato Peel Pie Society,Fiction
Eat This Not That! Supermarket Survival Guide: The No-Diet Weight Loss Solution,Non Fiction
Arguing with Idiots: How to Stop Small Minds and Big Government,Non Fiction
"Mastering the Art of French Cooking, Volume I: 50th Anniversary Edition: A Cookbook",Non Fiction
Sookie Stackhouse,Fiction
The Time Traveler's Wife,Fiction
"Publication Manual of the American Psychological Association, 6th Edition",Non Fiction
True Compass: A Memoir,Non Fiction
The Girl with the Dragon Tattoo (Millennium Series),Fiction
The 5000 Year Leap,Non Fiction
Good to Great: Why Some Companies Make the Leap and Others Don't,Non Fiction
Eclipse (Twilight Sagas),Fiction
Where the Wild Things Are,Fiction
"The Five Dysfunctions of a Team: A Leadership Fable, 20th Anniversary Edition",Non Fiction
Olive Kitteridge,Fiction
Dead And Gone: A Sookie Stackhouse Novel (Sookie Stackhouse/True Blood),Fiction
"Eat This, Not That! Thousands of Simple Food Swaps that Can Save You 10, 20, 30 Pounds--or More!",Non Fiction
"Super Freakonomics: Global Cooling, Patriotic Prostitutes, and Why Suicide Bombers Should Buy Life Insurance",Non Fiction
The Tipping Point: How Little Things Can Make a Big Difference,Non Fiction
Crazy Love: Overwhelmed by a Relentless God,Non Fiction
"The Last Olympian (Percy Jackson and the Olympians, Book 5)",Fiction
The Elegance of the Hedgehog,Fiction
"I, Alex Cross",Fiction
The Girl Who Played with Fire (Millennium),Fiction
The Last Lecture,Non Fiction
The Five Love Languages: How to Express Heartfelt Commitment to Your Mate,Non Fiction
Watchmen,Fiction
The 7 Habits of Highly Effective People: Powerful Lessons in Personal Change,Non Fiction
The Book of Basketball: The NBA According to The Sports Guy,Non Fiction
"Divine Soul Mind Body Healing and Transmission System: The Divine Way to Heal You, Humanity, Mother Earth, and All Universes",Non Fiction
Diary of a Wimpy Kid Do-it-yourself Book,Fiction
Open: An Autobiography,Non Fiction
Pride and Prejudice and Zombies,Fiction
Cook Yourself Thin: Skinny Meals You Can Make in Minutes,Non Fiction
Hungry Girl: 200 Under 200: 200 Recipes Under 200 Calories,Non Fiction
"Born to Run: A Hidden Tribe, Superathletes, and the Greatest Race the World Has Never Seen",Non Fiction
A Bold Fresh Piece of Humanity,Non Fiction
The Pioneer Woman Cooks: Recipes from an Accidental Country Girl,Non Fiction
The Book Thief,Fiction
South of Broad,Fiction
The Omnivore's Dilemma: A Natural History of Four Meals,Non Fiction
The Host,Fiction
Master Your Metabolism: The 3 Diet Secrets to Naturally Balancing Your Hormones for a Hot and Healthy Body!,Non Fiction
Ford County: Stories,Fiction
"Culture of Corruption: Obama and His Team of Tax Cheats, Crooks, and Cronies",Non Fiction
Blink: The Power of Thinking Without Thinking,Non Fiction
"Diary of a Wimpy Kid, Book 1",Fiction
The Graveyard Book,Fiction
An Echo in the Bone (Outlander),Fiction
"The Gathering Storm (Wheel of Time, Book 12)",Fiction
Dreams from My Father: A Story of Race and Inheritance,Non Fiction
Pirate Latitudes: A Novel,Fiction
The Official SAT Study Guide: For the New SAT (tm),Non Fiction
Getting Things Done: The Art of Stress-Free Productivity,Non Fiction
How to Win Friends & Influence People,Non Fiction
The Official SAT Study Guide,Non Fiction
Finger Lickin' Fifteen (A Stephanie Plum Novel) (Stephanie Plum Novels),Fiction
Sarah's Key,Fiction
From Dead to Worse (Sookie Stackhouse/True Blood),Fiction
Wolf Hall,Fiction
The Hunger Games,Fiction
The Yankee Years,Non Fiction
Push: A Novel,Fiction
The End of Overeating: Taking Control of the Insatiable American Appetite,Non Fiction
The Lacuna: A Novel,Fiction
Crucial Conversations: Tools for Talking When Stakes are High,Non Fiction
Half the Sky: Turning Oppression into Opportunity for Women Worldwide,Non Fiction
The Associate,Fiction
Artisan Bread in Five Minutes a Day: The Discovery That Revolutionizes Home Baking,Non Fiction
Three Cups of Tea: One Man's Journey to Change the World... One Child at a Time (Young Reader's Edition),Non Fiction
Pursuit of Honor,Fiction
What the Dog Saw: And Other Adventures,Non Fiction
The Last Song,Fiction
Atlas Shrugged,Fiction
The White Tiger: A Novel,Fiction
"Now, Discover Your Strengths: The revolutionary Gallup program that shows you how to develop your unique talents and strengths",Non Fiction
Same Kind of Different As Me,Fiction
U is for Undertow: A Kinsey Millhone Novel,Fiction
Catching Fire (The Hunger Games),Fiction
The Girl Who Kicked the Hornet's Nest (Millennium Trilogy),Fiction
The Girl with the Dragon Tattoo (Millennium Series),Fiction
Decision Points,Non Fiction
The Help,Fiction
The Girl Who Played with Fire (Millennium Series),Fiction
"The Ugly Truth (Diary of a Wimpy Kid, Book 5)",Fiction
StrengthsFinder 2.0,Non Fiction
Mockingjay (The Hunger Games),Fiction
Women Food and God: An Unexpected Path to Almost Everything,Non Fiction
"Publication Manual of the American Psychological Association, 6th Edition",Non Fiction
"Autobiography of Mark Twain, Vol. 1",Non Fiction
The Big Short: Inside the Doomsday Machine,Non Fiction
Food Rules: An Eater's Manual,Non Fiction
"Unbroken: A World War II Story of Survival, Resilience, and Redemption",Non Fiction
"Dead in the Family (Sookie Stackhouse/True Blood, Book 10)",Fiction
Sh*t My Dad Says,Non Fiction
Crazy Love: Overwhelmed by a Relentless God,Non Fiction
The Short Second Life of Bree Tanner: An Eclipse Novella (The Twilight Saga),Fiction
Life,Non Fiction
Cutting for Stone,Fiction
The Daily Show with Jon Stewart Presents Earth (The Book): A Visitor's Guide to the Human Race,Non Fiction
The Official SAT Study Guide,Non Fiction
"Game Change: Obama and the Clintons, McCain and Palin, and the Race of a Lifetime",Non Fiction
The Immortal Life of Henrietta Lacks,Non Fiction
"The Lost Hero (Heroes of Olympus, Book 1)",Fiction
Teach Like a Champion: 49 Techniques that Put Students on the Path to College,Non Fiction
Outliers: The Story of Success,Non Fiction
Catching Fire (The Hunger Games),Fiction
"The Five Dysfunctions of a Team: A Leadership Fable, 20th Anniversary Edition",Non Fiction
Good to Great: Why Some Companies Make the Leap and Others Don't,Non Fiction
Three Cups of Tea: One Man's Mission to Promote Peace - One School at a Time,Non Fiction
"The Road to Serfdom: Text and Documents--The Definitive Edition (The Collected Works of F. A. Hayek, Volume 2)",Non Fiction
The Confession: A Novel,Fiction
"Delivering Happiness: A Path to Profits, Passion, and Purpose",Non Fiction
A Patriot's History of the United States: From Columbus's Great Discovery to the War on Terror,Non Fiction
"The Last Olympian (Percy Jackson and the Olympians, Book 5)",Fiction
Switch: How to Change Things When Change Is Hard,Non Fiction
The Art of Racing in the Rain: A Novel,Fiction
The 5 Love Languages: The Secret to Love That Lasts,Non Fiction
"Broke: The Plan to Restore Our Trust, Truth and Treasure",Non Fiction
"The Red Pyramid (The Kane Chronicles, Book 1)",Fiction
Percy Jackson and the Olympians Paperback Boxed Set (Books 1-3),Fiction
Little Bee: A Novel,Fiction
"Barefoot Contessa, How Easy Is That?: Fabulous Recipes & Easy Tips",Non Fiction
George Washington's Sacred Fire,Non Fiction
Radical: Taking Back Your Faith from the American Dream,Non Fiction
"Towers of Midnight (Wheel of Time, Book Thirteen)",Fiction
Sarah's Key,Fiction
The Hunger Games,Fiction
The 7 Habits of Highly Effective People: Powerful Lessons in Personal Change,Non Fiction
Cleopatra: A Life,Non Fiction
Freedom: A Novel,Fiction
Freedom,Fiction
"Born to Run: A Hidden Tribe, Superathletes, and the Greatest Race the World Has Never Seen",Non Fiction
Fall of Giants (The Century Trilogy),Fiction
"Eat, Pray, Love: One Woman's Search for Everything Across Italy, India and Indonesia",Non Fiction
"Eat Pray Love: One Woman's Search for Everything Across Italy, India and Indonesia",Non Fiction
Tao I: The Way of All Life,Non Fiction
Chelsea Chelsea Bang Bang,Non Fiction
Let the Great World Spin: A Novel,Fiction
The Pioneer Woman Cooks: Recipes from an Accidental Country Girl,Non Fiction
The Tipping Point: How Little Things Can Make a Big Difference,Non Fiction
The Omnivore's Dilemma: A Natural History of Four Meals,Non Fiction
The Belly Fat Cure: Discover the New Carb Swap System™ and Lose 4 to 9 lbs. Every Week,Non Fiction
"The Battle of the Labyrinth (Percy Jackson and the Olympians, Book 4)",Fiction
"The 4-Hour Workweek: Escape 9-5, Live Anywhere, and Join the New Rich",Non Fiction
"Full Dark, No Stars",Fiction
Sizzling Sixteen (Stephanie Plum Novels),Fiction
The Grand Design,Fiction
The Overton Window ,Fiction
"Jesus Calling, Padded Hardcover, with Scripture references",Non Fiction
Spoken from the Heart,Non Fiction
Diary of a Wimpy Kid Do-it-yourself Book,Fiction
The Book of Awakening: Having the Life You Want by Being Present to the Life You Have,Non Fiction
"Mastering the Art of French Cooking, Volume I: 50th Anniversary Edition: A Cookbook",Non Fiction
Safe Haven,Fiction
"Change Your Brain, Change Your Body: Use Your Brain to Get and Keep the Body You Have Always Wanted",Non Fiction
"The Kind Diet: A Simple Guide to Feeling Great, Losing Weight, and Saving the Planet",Non Fiction
Decoded,Non Fiction
The Glass Castle: A Memoir (book),Non Fiction
The Shack: Where Tragedy Confronts Eternity,Fiction
"Breaking Dawn (The Twilight Saga, Book 4)",Fiction
Sookie Stackhouse 8-copy Boxed Set (Sookie Stackhouse / Southern Vampire),Fiction
The Guernsey Literary and Potato Peel Pie Society,Fiction
Hotel on the Corner of Bitter and Sweet,Fiction
"The 4 Hour Body: An Uncommon Guide to Rapid Fat Loss, Incredible Sex and Becoming Superhuman",Non Fiction
Crucial Conversations: Tools for Talking When Stakes are High,Non Fiction
"Happy Ever After (Bride Quartet, Book 4)",Fiction
A Guide to the Project Management Body of Knowledge,Non Fiction
The Book Thief,Fiction
The Catcher in the Rye,Fiction
"The China Study: The Most Comprehensive Study of Nutrition Ever Conducted And the Startling Implications for Diet, Weight Loss, And Long-term Health",Non Fiction
American Assassin: A Thriller (A Mitch Rapp Novel),Fiction
Rework,Non Fiction
In Defense of Food: An Eater's Manifesto,Non Fiction
Squirrel Seeks Chipmunk: A Modest Bestiary,Fiction
Who Moved My Cheese,Fiction
Steve Jobs,Non Fiction
Heaven is for Real: A Little Boy's Astounding Story of His Trip to Heaven and Back,Non Fiction
"Cabin Fever (Diary of a Wimpy Kid, Book 6)",Fiction
StrengthsFinder 2.0,Non Fiction
The Hunger Games (Book 1),Fiction
"Unbroken: A World War II Story of Survival, Resilience, and Redemption",Non Fiction
Inheritance: Book IV (Inheritance Cycle),Fiction
Go the F**k to Sleep,Fiction
Mockingjay (The Hunger Games),Fiction
Game of Thrones Boxed Set: A Game of Thrones/A Clash of Kings/A Storm of Swords/A Feast for Crows,Fiction
Catching Fire (The Hunger Games),Fiction
The 17 Day Diet: A Doctor's Plan Designed for Rapid Results,Non Fiction
A Dance with Dragons (A Song of Ice and Fire),Fiction
"The Son of Neptune (Heroes of Olympus, Book 2)",Fiction
Killing Lincoln: The Shocking Assassination that Changed America Forever (Bill O'Reilly's Killing Series),Non Fiction
"Publication Manual of the American Psychological Association, 6th Edition",Non Fiction
The Help,Fiction
The Immortal Life of Henrietta Lacks,Non Fiction
11/22/63: A Novel,Fiction
The Official SAT Study Guide,Non Fiction
"Jesus Calling, Padded Hardcover, with Scripture references",Non Fiction
The Hunger Games Trilogy Boxed Set,Fiction
Cutting for Stone,Fiction
Tina Fey: Bossypants,Non Fiction
"The 4 Hour Body: An Uncommon Guide to Rapid Fat Loss, Incredible Sex and Becoming Superhuman",Non Fiction
"In the Garden of Beasts: Love, Terror, and an American Family in Hitler's Berlin",Non Fiction
The 5 Love Languages: The Secret to Love That Lasts,Non Fiction
Crazy Love: Overwhelmed by a Relentless God,Non Fiction
A Stolen Life: A Memoir,Non Fiction
The Girl Who Kicked the Hornet's Nest (Millennium Trilogy),Fiction
Water for Elephants: A Novel,Fiction
"The Five Dysfunctions of a Team: A Leadership Fable, 20th Anniversary Edition",Non Fiction
The Lego Ideas Book: Unlock Your Imagination,Non Fiction
One Thousand Gifts: A Dare to Live Fully Right Where You Are,Non Fiction
The 7 Habits of Highly Effective People: Powerful Lessons in Personal Change,Non Fiction
"The Throne of Fire (The Kane Chronicles, Book 2)",Fiction
"Dead Reckoning (Sookie Stackhouse/True Blood, Book 11)",Fiction
Good to Great: Why Some Companies Make the Leap and Others Don't,Non Fiction
The Litigators,Fiction
"Love Wins: A Book About Heaven, Hell, and the Fate of Every Person Who Ever Lived",Non Fiction
The Help,Fiction
"Thinking, Fast and Slow",Non Fiction
The Paris Wife: A Novel,Fiction
Radical: Taking Back Your Faith from the American Dream,Non Fiction
The Art of Racing in the Rain: A Novel,Fiction
Teach Like a Champion: 49 Techniques that Put Students on the Path to College,Non Fiction
"Eat to Live: The Amazing Nutrient-Rich Program for Fast and Sustained Weight Loss, Revised Edition",Non Fiction
"The China Study: The Most Comprehensive Study of Nutrition Ever Conducted And the Startling Implications for Diet, Weight Loss, And Long-term Health",Non Fiction
What to Expect When You're Expecting,Non Fiction
The Best of Me,Fiction
Jacqueline Kennedy: Historic Conversations on Life with John F. Kennedy,Non Fiction
The Girl with the Dragon Tattoo (Millennium Series),Fiction
The Greater Journey: Americans in Paris,Non Fiction
Switch: How to Change Things When Change Is Hard,Non Fiction
Every Thing On It,Fiction
Miss Peregrine's Home for Peculiar Children,Fiction
Moonwalking With Einstein: The Art and Science of Remembering Everything,Non Fiction
The Great Gatsby: The Only Authorized Edition,Fiction
The Help,Fiction
1Q84: A novel,Fiction
Boomerang: Travels in the New Third World,Non Fiction
Who Moved My Cheese,Fiction
"Strengths Based Leadership: Great Leaders, Teams, and Why People Follow",Non Fiction
Elder Scrolls V: Skyrim: Prima Official Game Guide,Non Fiction
The Glass Castle: A Memoir (book),Non Fiction
The Book Thief,Fiction
"The 4-Hour Workweek: Escape 9-5, Live Anywhere, and Join the New Rich",Non Fiction
"Oh, the Places You'll Go!",Fiction
Through My Eyes,Non Fiction
The Land of Painted Caves: A Novel (Earth's Children),Fiction
"The Social Animal: The Hidden Sources of Love, Character, and Achievement",Non Fiction
A Guide to the Project Management Body of Knowledge,Non Fiction
Guinness World Records 2012,Non Fiction
State of Wonder,Fiction
A Visit from the Goon Squad,Fiction
"Prevent And Reverse Heart Disease: The Revolutionary, Scientifically Proven, Nutrition-Based Cure",Non Fiction
Harry Potter Paperback Box Set (Books 1-7),Fiction
Explosive Eighteen: A Stephanie Plum Novel (Stephanie Plum Novels),Fiction
The 7 Habits of Highly Effective Teens: The Ultimate Teenage Success Guide,Non Fiction
"Delivering Happiness: A Path to Profits, Passion, and Purpose",Non Fiction
"The Lost Hero (Heroes of Olympus, Book 1)",Fiction
Room,Fiction
Hotel on the Corner of Bitter and Sweet,Fiction
The Tipping Point: How Little Things Can Make a Big Difference,Non Fiction
Emotional Intelligence 2.0,Non Fiction
Outliers: The Story of Success,Non Fiction
Forks Over Knives: The Plant-Based Way to Health. The #1 New York Times Bestseller,Non Fiction
The Girl Who Played with Fire (Millennium Series),Fiction
"Hungry Girl 300 Under 300: 300 Breakfast, Lunch & Dinner Dishes Under 300 Calories",Non Fiction
The Alchemist,Fiction
Getting Things Done: The Art of Stress-Free Productivity,Non Fiction
The Invention of Hugo Cabret,Fiction
"Now, Discover Your Strengths: The revolutionary Gallup program that shows you how to develop your unique talents and strengths",Non Fiction
Drive: The Surprising Truth About What Motivates Us,Non Fiction
Smokin' Seventeen (Stephanie Plum),Fiction
"Moleskine Classic Notebook, Hard Cover, Large (5"" x 8.25"") Ruled/Lined, Black, 240 Pages",Non Fiction
The Big Short: Inside the Doomsday Machine,Non Fiction
"Born to Run: A Hidden Tribe, Superathletes, and the Greatest Race the World Has Never Seen",Non Fiction
The Official Guide for GMAT Review,Non Fiction
"Fifty Shades Of Grey: Book One of the Fifty Shades Trilogy (Fifty Shades Of Grey Series, 1)",Fiction
Fifty Shades Darker,Fiction
"Fifty Shades Freed: Book Three of the Fifty Shades Trilogy (Fifty Shades of Grey Series) (English Edition) (Fifty Shades Of Grey Series, 3)",Fiction
The Hunger Games (Book 1),Fiction
StrengthsFinder 2.0,Non Fiction
Fifty Shades Trilogy (Fifty Shades of Grey / Fifty Shades Darker / Fifty Shades Freed),Fiction
Catching Fire (The Hunger Games),Fiction
Mockingjay (The Hunger Games),Fiction
"The Third Wheel (Diary of a Wimpy Kid, Book 7)",Fiction
No Easy Day: The Autobiography of a Navy Seal: The Firsthand Account of the Mission That Killed Osama Bin Laden,Non Fiction
The Hunger Games Trilogy Boxed Set,Fiction
Gone Girl,Fiction
"The Mark of Athena (Heroes of Olympus, Book 3)",Fiction
The Official SAT Study Guide,Non Fiction
Game of Thrones Boxed Set: A Game of Thrones/A Clash of Kings/A Storm of Swords/A Feast for Crows,Fiction
Killing Kennedy: The End of Camelot,Non Fiction
"Publication Manual of the American Psychological Association, 6th Edition",Non Fiction
Killing Lincoln: The Shocking Assassination that Changed America Forever (Bill O'Reilly's Killing Series),Non Fiction
"Unbroken: A World War II Story of Survival, Resilience, and Redemption",Non Fiction
Proof of Heaven: A Neurosurgeon's Journey into the Afterlife,Non Fiction
The 5 Love Languages: The Secret to Love That Lasts,Non Fiction
Barefoot Contessa Foolproof: Recipes You Can Trust: A Cookbook,Non Fiction
"Thinking, Fast and Slow",Non Fiction
The Casual Vacancy,Fiction
The Harbinger: The Ancient Mystery that Holds the Secret of America's Future,Fiction
The Power of Habit: Why We Do What We Do in Life and Business,Non Fiction
Steve Jobs,Non Fiction
"Wheat Belly: Lose the Wheat, Lose the Weight, and Find Your Path Back to Health",Non Fiction
"Oh, the Places You'll Go!",Fiction
The 7 Habits of Highly Effective People: Powerful Lessons in Personal Change,Non Fiction
"The Five Dysfunctions of a Team: A Leadership Fable, 20th Anniversary Edition",Non Fiction
Quiet: The Power of Introverts in a World That Can't Stop Talking,Non Fiction
The Great Gatsby: The Only Authorized Edition,Fiction
The Racketeer,Fiction
"The Blood Sugar Solution: The UltraHealthy Program for Losing Weight, Preventing Disease, and Feeling Great Now!",Non Fiction
"Goodnight, Goodnight Construction Site (Hardcover Books for Toddlers, Preschool Books for Kids)",Fiction
The Immortal Life of Henrietta Lacks,Non Fiction
The Fault in Our Stars,Fiction
"The Serpent's Shadow (The Kane Chronicles, Book 3)",Fiction
One Thousand Gifts: A Dare to Live Fully Right Where You Are,Non Fiction
Wild: From Lost to Found on the Pacific Crest Trail,Non Fiction
Winter of the World: Book Two of the Century Trilogy,Fiction
The Pioneer Woman Cooks: Food from My Frontier,Non Fiction
The Lego Ideas Book: Unlock Your Imagination,Non Fiction
Heaven is for Real: A Little Boy's Astounding Story of His Trip to Heaven and Back,Non Fiction
"Jesus Calling, Padded Hardcover, with Scripture references",Non Fiction
"Eat to Live: The Amazing Nutrient-Rich Program for Fast and Sustained Weight Loss, Revised Edition",Non Fiction
Thomas Jefferson: The Art of Power,Non Fiction
Good to Great: Why Some Companies Make the Leap and Others Don't,Non Fiction
The Amateur,Non Fiction
The Smitten Kitchen Cookbook: Recipes and Wisdom from an Obsessive Home Cook,Non Fiction
What to Expect When You're Expecting,Non Fiction
The Walking Dead: Compendium One,Fiction
The Signal and the Noise: Why So Many Predictions Fail-But Some Don't,Non Fiction
How to Tell If Your Cat Is Plotting to Kill You (The Oatmeal) (Volume 2),Fiction
A Dance with Dragons (A Song of Ice and Fire),Fiction
America Again: Re-becoming the Greatness We Never Weren't,Non Fiction
LEGO NINJAGO: Character Encyclopedia,Fiction
American Sniper: The Autobiography of the Most Lethal Sniper in U.S. Military History,Non Fiction
Outliers: The Story of Success,Non Fiction
Teach Like a Champion: 49 Techniques that Put Students on the Path to College,Non Fiction
Bared to You,Fiction
The Four Agreements: A Practical Guide to Personal Freedom (A Toltec Wisdom Book),Non Fiction
"Strengths Based Leadership: Great Leaders, Teams, and Why People Follow",Non Fiction
The 17 Day Diet: A Doctor's Plan Designed for Rapid Results,Non Fiction
Crazy Love: Overwhelmed by a Relentless God,Non Fiction
Go the F**k to Sleep,Fiction
Bring Up the Bodies,Fiction
"Great by Choice: Uncertainty, Chaos, and Luck--Why Some Thrive Despite Them All (Good to Great, 5)",Non Fiction
Eat to Live: The Amazing Nutrient-Rich Program for Fast and Sustained Weight Loss,Non Fiction
"Reflected in You (Crossfire, Book 2)",Fiction
Who Moved My Cheese,Fiction
The Book Thief,Fiction
A Guide to the Project Management Body of Knowledge,Non Fiction
"Behind the Beautiful Forevers: Life, Death, and Hope in a Mumbai Undercity",Non Fiction
"Deadlocked (Sookie Stackhouse/True Blood, Book 12)",Fiction
"Crucial Conversations Tools for Talking When Stakes Are High, Second Edition",Non Fiction
Forks Over Knives: The Plant-Based Way to Health. The #1 New York Times Bestseller,Non Fiction
The Jesus Storybook Bible: Every Story Whispers His Name,Non Fiction
Notorious Nineteen: A Stephanie Plum Novel,Fiction
"The 4-Hour Chef: The Simple Path to Cooking Like a Pro, Learning Anything, and Living the Good Life",Non Fiction
Cloud Atlas,Fiction
The Alchemist,Fiction
The Hunger Games,Fiction
"Help, Thanks, Wow: The Three Essential Prayers",Non Fiction
Wonder,Fiction
"Stop Living In This Land, Go To The Everlasting World Of Happiness, Live There Forever",Non Fiction
"To Heaven and Back: A Doctor's Extraordinary Account of Her Death, Heaven, Angels, and Life Again: A True Story",Non Fiction
"Forks Over Knives: The Cookbook. A New York Times Bestseller: Over 300 Simple and Delicious Plant-Based Recipes to Help You Lose Weight, Be Healthier, and Feel Better Every Day",Non Fiction
Catching Fire (Hunger Games),Fiction
"A Memory of Light (Wheel of Time, Book 14) (Wheel of Time, 14)",Fiction
"Cabin Fever (Diary of a Wimpy Kid, Book 6)",Fiction
The 7 Habits of Highly Effective Teens: The Ultimate Teenage Success Guide,Non Fiction
The Passage of Power: The Years of Lyndon Johnson,Non Fiction
The Pioneer Woman Cooks: Recipes from an Accidental Country Girl,Non Fiction
"Divine Healing Hands: Experience Divine Power to Heal You, Animals, and Nature, and to Transform All Life (Soul Power)",Non Fiction
"The China Study: The Most Comprehensive Study of Nutrition Ever Conducted And the Startling Implications for Diet, Weight Loss, And Long-term Health",Non Fiction
The Meaning of Marriage: Facing the Complexities of Commitment with the Wisdom of God,Non Fiction
Night (Night),Non Fiction
StrengthsFinder 2.0,Non Fiction
"Lean In: Women, Work, and the Will to Lead",Non Fiction
"Diary of a Wimpy Kid: Hard Luck, Book 8",Fiction
Rush Revere and the Brave Pilgrims: Time-Travel Adventures with Exceptional Americans (1),Fiction
"Jesus Calling, Padded Hardcover, with Scripture references",Non Fiction
Inferno,Fiction
"The House of Hades (Heroes of Olympus, Book 4)",Fiction
"Things That Matter: Three Decades of Passions, Pastimes and Politics [Deckled Edge]",Non Fiction
The Great Gatsby: The Only Authorized Edition,Fiction
Killing Jesus (Bill O'Reilly's Killing Series),Non Fiction
Proof of Heaven: A Neurosurgeon's Journey into the Afterlife,Non Fiction
"Diagnostic and Statistical Manual of Mental Disorders, 5th Edition: DSM-5",Non Fiction
The Official SAT Study Guide,Non Fiction
The Fault in Our Stars,Fiction
The Book Thief,Fiction
Wonder,Fiction
The 5 Love Languages: The Secret to Love That Lasts,Non Fiction
"Publication Manual of the American Psychological Association, 6th Edition",Non Fiction
Divergent,Fiction
Laugh-Out-Loud Jokes for Kids,Non Fiction
"Oh, the Places You'll Go!  ",Fiction
"David and Goliath: Underdogs, Misfits, and the Art of Battling Giants",Non Fiction
Game of Thrones Boxed Set: A Game of Thrones/A Clash of Kings/A Storm of Swords/A Feast for Crows,Fiction
Allegiant,Fiction
And the Mountains Echoed,Fiction
Humans of New York,Non Fiction
The Legend of Zelda: Hyrule Historia,Fiction
Doctor Sleep: A Novel,Fiction
Knock-Knock Jokes for Kids (Laugh-Out-Loud Jokes for Kids),Fiction
The Goldfinch: A Novel (Pulitzer Prize for Fiction),Fiction
The Four Agreements: A Practical Guide to Personal Freedom (A Toltec Wisdom Book),Non Fiction
Gone Girl,Fiction
George Washington's Secret Six: The Spy Ring That Saved the American Revolution,Non Fiction
Quiet: The Power of Introverts in a World That Can't Stop Talking,Non Fiction
"Goodnight, Goodnight Construction Site (Hardcover Books for Toddlers, Preschool Books for Kids)",Fiction
Sycamore Row (Jake Brigance),Fiction
"Wheat Belly: Lose the Wheat, Lose the Weight, and Find Your Path Back to Health",Non Fiction
"The Pioneer Woman Cooks―A Year of Holidays: 140 Step-by-Step Recipes for Simple, Scrumptious Celebrations",Non Fiction
The Day the Crayons Quit,Fiction
"Happy, Happy, Happy: My Life and Legacy as the Duck Commander",Non Fiction
The Very Hungry Caterpillar,Fiction
"Daring Greatly: How the Courage to Be Vulnerable Transforms the Way We Live, Love, Parent, and Lead",Non Fiction
The 7 Habits of Highly Effective People: Powerful Lessons in Personal Change,Non Fiction
Joyland (Hard Case Crime),Fiction
"Fifty Shades Of Grey: Book One of the Fifty Shades Trilogy (Fifty Shades Of Grey Series, 1)",Fiction
"Soul Healing Miracles: Ancient and New Sacred Wisdom, Knowledge, and Practical Techniques for Healing the Spiritual, Mental, Emotional, and Physical Bodies",Non Fiction
Shred: The Revolutionary Diet: 6 Weeks 4 Inches 2 Sizes,Non Fiction
"Hyperbole and a Half: Unfortunate Situations, Flawed Coping Mechanisms, Mayhem, and Other Things That Happened",Non Fiction
To Kill a Mockingbird,Fiction
"The Five Dysfunctions of a Team: A Leadership Fable, 20th Anniversary Edition",Non Fiction
"Unbroken: A World War II Story of Survival, Resilience, and Redemption",Non Fiction
Ender's Game (The Ender Quintet),Fiction
The Gifts of Imperfection: Let Go of Who You Think You're Supposed to Be and Embrace Who You Are,Non Fiction
"The Cuckoo's Calling (A Cormoran Strike Novel, 1)",Fiction
What to Expect When You're Expecting,Non Fiction
America the Beautiful: Rediscovering What Made This Nation Great,Non Fiction
The Liberty Amendments: Restoring the American Republic,Non Fiction
ZEALOT: The Life and Times of Jesus of Nazareth,Non Fiction
The One and Only Ivan,Fiction
Good to Great: Why Some Companies Make the Leap and Others Don't,Non Fiction
SI-COLOGY 1: Tales and Wisdom from Duck Dynasty's Favorite Uncle,Non Fiction
"IT'S ALL GOOD: Delicious, Easy Recipes That Will Make You Look Good and Feel Great",Non Fiction
Outliers: The Story of Success,Non Fiction
Jerusalem: A Cookbook,Non Fiction
"Becoming a Supple Leopard: Movement, Mobility, and Maintenance of the Human Animal",Non Fiction
"Grain Brain: The Surprising Truth about Wheat, Carbs, and Sugar--Your Brain's Silent Killers",Non Fiction
Looking for Alaska,Fiction
I Am Malala: The Girl Who Stood Up for Education and Was Shot by the Taliban,Non Fiction
Love You Forever,Fiction
The Perks of Being a Wallflower,Fiction
Practical Paleo: A Customized Approach to Health and a Whole-Foods Lifestyle,Non Fiction
Fifty Shades Trilogy (Fifty Shades of Grey / Fifty Shades Darker / Fifty Shades Freed),Fiction
"The FastDiet: Lose Weight, Stay Healthy, and Live Longer with the Simple Secret of Intermittent Fasting",Non Fiction
The Jesus Storybook Bible: Every Story Whispers His Name,Non Fiction
Divergent / Insurgent,Fiction
How to Win Friends & Influence People,Non Fiction
"The Bully Pulpit: Theodore Roosevelt, William Howard Taft, and the Golden Age of Journalism",Non Fiction
The Hunger Games (Book 1),Fiction
ObamaCare Survival Guide: The Affordable Care Act and What It Means for You and Your Healthcare,Non Fiction
The Harbinger: The Ancient Mystery that Holds the Secret of America's Future,Fiction
The Immortal Life of Henrietta Lacks,Non Fiction
Night (Night),Non Fiction
Fifty Shades Darker,Fiction
"Eat to Live: The Amazing Nutrient-Rich Program for Fast and Sustained Weight Loss, Revised Edition",Non Fiction
"Forks Over Knives: The Cookbook. A New York Times Bestseller: Over 300 Simple and Delicious Plant-Based Recipes to Help You Lose Weight, Be Healthier, and Feel Better Every Day",Non Fiction
"Fifty Shades Freed: Book Three of the Fifty Shades Trilogy (Fifty Shades of Grey Series) (English Edition) (Fifty Shades Of Grey Series, 3)",Fiction
The Alchemist,Fiction
The Catcher in the Rye,Fiction
Mindset: The New Psychology of Success,Non Fiction
"Wheat Belly Cookbook: 150 Recipes to Help You Lose the Wheat, Lose the Weight, and Find Your Path Back to Health",Non Fiction
MyMathLab: Student Access Kit,Non Fiction
"The Care and Keeping of You: The Body Book for Younger Girls, Revised Edition (American Girl Library)",Non Fiction
The Power of Habit: Why We Do What We Do in Life and Business,Non Fiction
The Reason I Jump: The Inner Voice of a Thirteen-Year-Old Boy with Autism,Non Fiction
"Strengths Based Leadership: Great Leaders, Teams, and Why People Follow",Non Fiction
Kaplan GRE Premier 2014 with 6 Practice Tests: book + online + DVD + mobile,Non Fiction
The Longest Ride,Fiction
Life Code: The New Rules for Winning in the Real World,Non Fiction
The Lego Ideas Book: Unlock Your Imagination,Non Fiction
"A Memory of Light (Wheel of Time, Book 14) (Wheel of Time, 14)",Fiction
StrengthsFinder 2.0,Non Fiction
Frozen (Little Golden Book),Fiction
Laugh-Out-Loud Jokes for Kids,Non Fiction
The Fault in Our Stars,Fiction
Diary of a Wimpy Kid: The Long Haul,Fiction
What If?: Serious Scientific Answers to Absurd Hypothetical Questions,Non Fiction
"The Blood of Olympus (The Heroes of Olympus, 5)",Fiction
"Jesus Calling, Padded Hardcover, with Scripture references",Non Fiction
"Unbroken: A World War II Story of Survival, Resilience, and Redemption",Non Fiction
Ultimate Sticker Book: Frozen: More Than 60 Reusable Full-Color Stickers,Fiction
The Day the Crayons Quit,Fiction
Divergent,Fiction
The Fault in Our Stars,Fiction
"Oh, the Places You'll Go!",Fiction
To Kill a Mockingbird,Fiction
Gone Girl,Fiction
The Book Thief,Fiction
The Official SAT Study Guide,Non Fiction
Humans of New York,Non Fiction
The Goldfinch: A Novel (Pulitzer Prize for Fiction),Fiction
"Diagnostic and Statistical Manual of Mental Disorders, 5th Edition: DSM-5",Non Fiction
Wonder,Fiction
The Book with No Pictures,Fiction
Rush Revere and the First Patriots: Time-Travel Adventures With Exceptional Americans (2),Fiction
The 5 Love Languages: The Secret to Love That Lasts,Non Fiction
Knock-Knock Jokes for Kids (Laugh-Out-Loud Jokes for Kids),Fiction
JOURNEY TO THE ICE P,Fiction
"Publication Manual of the American Psychological Association, 6th Edition",Non Fiction
Little Blue Truck,Fiction
Make It Ahead: A Barefoot Contessa Cookbook,Non Fiction
First 100 Words: A Padded Board Book,Non Fiction
If I Stay,Fiction
A Game of Thrones / A Clash of Kings / A Storm of Swords / A Feast of Crows / A Dance with Dragons,Fiction
Divergent / Insurgent,Fiction
Capital in the Twenty First Century,Non Fiction
Orphan Train,Fiction
Mindset: The New Psychology of Success,Non Fiction
How to Win Friends & Influence People,Non Fiction
The Very Hungry Caterpillar,Fiction
All the Light We Cannot See,Fiction
"Grain Brain: The Surprising Truth about Wheat, Carbs, and Sugar--Your Brain's Silent Killers",Non Fiction
"Unbroken: A World War II Story of Survival, Resilience, and Redemption",Non Fiction
Thug Kitchen: The Official Cookbook: Eat Like You Give a F*ck (Thug Kitchen Cookbooks),Non Fiction
The Alchemist,Fiction
Looking for Alaska,Fiction
The Great Gatsby: The Only Authorized Edition,Fiction
The Boys in the Boat: Nine Americans and Their Epic Quest for Gold at the 1936 Berlin Olympics,Non Fiction
Love You Forever,Fiction
The Maze Runner (Book 1),Fiction
Allegiant,Fiction
Yes Please,Non Fiction
"The Five Dysfunctions of a Team: A Leadership Fable, 20th Anniversary Edition",Non Fiction
The Four Agreements: A Practical Guide to Personal Freedom (A Toltec Wisdom Book),Non Fiction
The 7 Habits of Highly Effective People: Powerful Lessons in Personal Change,Non Fiction
41: A Portrait of My Father,Non Fiction
Minecraft: The Complete Handbook Collection,Fiction
Frozen: A Tale of Two Sisters,Fiction
Rush Revere and the Brave Pilgrims: Time-Travel Adventures with Exceptional Americans (1),Fiction
The Gifts of Imperfection: Let Go of Who You Think You're Supposed to Be and Embrace Who You Are,Non Fiction
Divergent / Insurgent / Allegiant,Fiction
Heaven is for Real: A Little Boy's Astounding Story of His Trip to Heaven and Back,Non Fiction
Flash Boys,Non Fiction
Rush Revere and the American Revolution: Time-Travel Adventures With Exceptional Americans,Fiction
Dear Zoo: A Lift-the-Flap Book,Fiction
The Going-To-Bed Book,Fiction
The World of Ice & Fire: The Untold History of Westeros and the Game of Thrones,Fiction
The Real ACT Prep Guide,Non Fiction
Gray Mountain: A Novel,Fiction
What to Expect When You're Expecting,Non Fiction
The Jesus Storybook Bible: Every Story Whispers His Name,Non Fiction
"Lean In: Women, Work, and the Will to Lead",Non Fiction
The Invention of Wings,Fiction
Lord of the Flies,Fiction
Night (Night),Non Fiction
The Catcher in the Rye,Fiction
"Soul Healing Miracles: Ancient and New Sacred Wisdom, Knowledge, and Practical Techniques for Healing the Spiritual, Mental, Emotional, and Physical Bodies",Non Fiction
"The Care and Keeping of You: The Body Book for Younger Girls, Revised Edition (American Girl Library)",Non Fiction
"The Skinnytaste Cookbook: Light on Calories, Big on Flavor",Non Fiction
Fahrenheit 451,Fiction
"Goodnight, Goodnight Construction Site (Hardcover Books for Toddlers, Preschool Books for Kids)",Fiction
Paper Towns,Fiction
"The Everything Kids' Science Experiments Book: Boil Ice, Float Water, Measure Gravity-Challenge the World Around You!",Non Fiction
The Outsiders,Fiction
MONEY Master the Game: 7 Simple Steps to Financial Freedom,Non Fiction
Goodnight Moon,Fiction
Quiet: The Power of Introverts in a World That Can't Stop Talking,Non Fiction
Revival: A Novel,Fiction
Giraffes Can't Dance,Fiction
Minecraft: Redstone Handbook: An Official Mojang Book,Fiction
Of Mice and Men,Fiction
10-Day Green Smoothie Cleanse: Lose Up to 15 Pounds in 10 Days!,Non Fiction
"Crucial Conversations Tools for Talking When Stakes Are High, Second Edition",Non Fiction
A Day in the Sun (Disney Frozen) (Pictureback(R)),Fiction
The Giver (Giver Quartet),Fiction
Chicka Chicka Boom Boom (Board Book),Fiction
Against All Grain: Delectable Paleo Recipes To Eat Well And Feel Great,Non Fiction
Minecraft: Essential Handbook,Fiction
Good to Great: Why Some Companies Make the Leap and Others Don't,Non Fiction
First 100 Words: A Padded Board Book,Non Fiction
The Life-Changing Magic of Tidying Up: The Japanese Art of Decluttering and Organizing,Non Fiction
Laugh-Out-Loud Jokes for Kids,Non Fiction
Secret Garden: An Inky Treasure Hunt and Coloring Book for Adults,Non Fiction
StrengthsFinder 2.0,Non Fiction
Go Set a Watchman: A Novel,Fiction
"Enchanted Forest: An Inky Quest and Coloring book (Activity Books, Mindfulness and Meditation, Illustrated Floral Prints)",Non Fiction
All the Light We Cannot See,Fiction
The Girl on the Train,Fiction
Adult Coloring Book: Stress Relieving Patterns,Non Fiction
Diary of a Wimpy Kid #10: Old School,Fiction
To Kill a Mockingbird,Fiction
Adult Coloring Book: Stress Relieving Animal Designs,Non Fiction
"Adult Coloring Books: A Coloring Book for Adults Featuring Mandalas and Henna Inspired Flowers, Animals, and Paisley Patterns",Non Fiction
Humans of New York : Stories,Non Fiction
The Martian,Fiction
"Oh, the Places You'll Go!  ",Fiction
Knock-Knock Jokes for Kids (Laugh-Out-Loud Jokes for Kids),Fiction
Dear Zoo: A Lift-the-Flap Book,Fiction
The Day the Crayons Quit,Fiction
The Boys in the Boat: Nine Americans and Their Epic Quest for Gold at the 1936 Berlin Olympics,Non Fiction
"Jesus Calling, Padded Hardcover, with Scripture references",Non Fiction
Mindset: The New Psychology of Success,Non Fiction
"Grey: Fifty Shades of Grey as Told by Christian (Fifty Shades Of Grey Series, 4)",Fiction
Creative Haven Creative Cats Coloring Book (Adult Coloring),Non Fiction
How to Win Friends & Influence People,Non Fiction
The 5 Love Languages: The Secret to Love that Lasts,Non Fiction
Balance (Angie's  Extreme Stress Menders),Non Fiction
Creative Haven Owls Coloring Book (Adult Coloring),Non Fiction
Thug Kitchen: The Official Cookbook: Eat Like You Give a F*ck (Thug Kitchen Cookbooks),Non Fiction
Giraffes Can't Dance,Fiction
Wonder,Fiction
The 7 Habits of Highly Effective People: Powerful Lessons in Personal Change,Non Fiction
The Four Agreements: A Practical Guide to Personal Freedom (A Toltec Wisdom Book),Non Fiction
Being Mortal: Medicine and What Matters in the End,Non Fiction
Love You Forever,Fiction
The Very Hungry Caterpillar,Fiction
"Publication Manual of the American Psychological Association, 6th Edition",Non Fiction
Between the World and Me,Non Fiction
Baby Touch and Feel: Animals,Non Fiction
The Book with No Pictures,Fiction
The Wright Brothers,Non Fiction
Dover Creative Haven Art Nouveau Animal Designs Coloring Book (Creative Haven Coloring Books),Non Fiction
The Nightingale: A Novel,Fiction
"The Pioneer Woman Cooks: Dinnertime - Comfort Classics, Freezer Food, 16-minute Meals, and Other Delicious Ways to Solve Supper",Non Fiction
What Pet Should I Get? (Classic Seuss),Fiction
Killing Reagan: The Violent Assault That Changed a Presidency (Bill O'Reilly's Killing Series),Non Fiction
Harry Potter Coloring Book,Non Fiction
American Sniper: The Autobiography of the Most Lethal Sniper in U.S. Military History,Non Fiction
The Whole30: The 30-Day Guide to Total Health and Food Freedom,Non Fiction
Diary of a Minecraft Zombie Book 1: A Scare of A Dare,Fiction
The Great Gatsby: The Only Authorized Edition,Fiction
Lost Ocean: An Inky Adventure and Coloring Book for Adults,Non Fiction
"The Five Dysfunctions of a Team: A Leadership Fable, 20th Anniversary Edition",Non Fiction
The Official SAT Study Guide,Non Fiction
10-Day Green Smoothie Cleanse,Non Fiction
The Gifts of Imperfection: Let Go of Who You Think You're Supposed to Be and Embrace Who You Are,Non Fiction
Chicka Chicka Boom Boom (Board Book),Fiction
The Day the Crayons Came Home,Fiction
What If?: Serious Scientific Answers to Absurd Hypothetical Questions,Non Fiction
Paper Towns,Fiction
"Unbroken: A World War II Story of Survival, Resilience, and Redemption",Non Fiction
Get What's Yours: The Secrets to Maxing Out Your Social Security (The Get What's Yours Series),Non Fiction
"Magnus Chase and the Gods of Asgard, Book 1: The Sword of Summer (Magnus Chase and the Gods of Asgard, 1)",Fiction
Dragons Love Tacos,Fiction
Fahrenheit 451,Fiction
"The Care and Keeping of You: The Body Book for Younger Girls, Revised Edition (American Girl Library)",Non Fiction
Potty (Leslie Patricelli board books),Fiction
Thing Explainer: Complicated Stuff in Simple Words,Non Fiction
Dead Wake: The Last Crossing of the Lusitania,Non Fiction
The Going-To-Bed Book,Fiction
"Inspiralized: Turn Vegetables into Healthy, Creative, Satisfying Meals: A Cookbook",Non Fiction
Mystical Mandala Coloring Book (Dover Mandala Coloring Books),Non Fiction
"Diagnostic and Statistical Manual of Mental Disorders, 5th Edition: DSM-5",Non Fiction
Ultimate Sticker Book: Frozen: More Than 60 Reusable Full-Color Stickers,Fiction
The 20/20 Diet: Turn Your Weight Loss Vision Into Reality,Non Fiction
Night (Night),Non Fiction
What to Expect When You're Expecting,Non Fiction
The Jesus Storybook Bible: Every Story Whispers His Name,Non Fiction
The Road to Character,Non Fiction
Where Is Baby's Belly Button? A Lift-the-Flap Book,Non Fiction
"The Alchemist, 25th Anniversary: A Fable About Following Your Dream",Fiction
Guess How Much I Love You,Fiction
"Creative Coloring Inspirations: Art Activity Pages to Relax and Enjoy! (Design Originals) 30 Motivating & Creative Art Activities on High-Quality, Extra-Thick Perforated Pages that Won't Bleed Through",Non Fiction
Little Blue Truck,Fiction
The Outsiders,Fiction
"Thinking, Fast and Slow",Non Fiction
"The Everything Kids' Science Experiments Book: Boil Ice, Float Water, Measure Gravity-Challenge the World Around You!",Non Fiction
George Orwell,Fiction
"Crucial Conversations Tools for Talking When Stakes Are High, Second Edition",Non Fiction
Emotional Intelligence 2.0,Fiction
For the Love: Fighting for Grace in a World of Impossible Standards,Non Fiction
"Press Here (Interactive Book for Toddlers and Kids, Interactive Baby Book) (Press Here by Herve Tullet)",Non Fiction
Little Blue Truck board book,Non Fiction
"Brown Bear, Brown Bear, What Do You See?",Fiction
A Long Walk to Water: Based on a True Story,Fiction
A Game of Thrones / A Clash of Kings / A Storm of Swords / A Feast of Crows / A Dance with Dragons,Fiction
Rogue Lawyer: A Novel,Fiction
Detailed Designs and Beautiful Patterns (Sacred Mandala Designs and Patterns Coloring Books for Adults),Non Fiction
Lord of the Flies,Fiction
"Harry Potter and the Cursed Child, Parts 1 & 2, Special Rehearsal Edition Script",Fiction
StrengthsFinder 2.0,Non Fiction
First 100 Words: A Padded Board Book,Non Fiction
The Life-Changing Magic of Tidying Up: The Japanese Art of Decluttering and Organizing,Non Fiction
"Oh, the Places You'll Go!",Fiction
Diary of a Wimpy Kid #11: Double Down,Fiction
When Breath Becomes Air,Non Fiction
Giraffes Can't Dance,Fiction
The 5 Love Languages: The Secret to Love that Lasts,Non Fiction
The Whole30: The 30-Day Guide to Total Health and Food Freedom,Non Fiction
A Man Called Ove: A Novel,Fiction
Killing the Rising Sun: How America Vanquished World War II Japan (Bill O'Reilly's Killing Series),Non Fiction
How to Win Friends & Influence People,Non Fiction
The Magnolia Story,Non Fiction
Laugh-Out-Loud Jokes for Kids,Non Fiction
To Kill a Mockingbird,Fiction
Hillbilly Elegy: A Memoir of a Family and Culture in Crisis,Non Fiction
Fantastic Beasts and Where to Find Them: The Original Screenplay (Harry Potter),Fiction
Hamilton: The Revolution,Non Fiction
The Girl on the Train,Fiction
Mindset: The New Psychology of Success,Non Fiction
"The Official SAT Study Guide, 2016 Edition",Non Fiction
"Adult Coloring Book Designs: Stress Relief Coloring Book: Garden Designs, Mandalas, Animals, and Paisley Patterns Paperback",Non Fiction
The Four Agreements: A Practical Guide to Personal Freedom (A Toltec Wisdom Book),Non Fiction
Milk and Honey,Non Fiction
The Going-To-Bed Book,Fiction
Born to Run,Non Fiction
Alexander Hamilton,Non Fiction
The Very Hungry Caterpillar,Fiction
The 7 Habits of Highly Effective People: Powerful Lessons in Personal Change,Non Fiction
The Constitution of the United States,Non Fiction
Wonder,Fiction
The Wonderful Things You Will Be,Fiction
You Are a Badass: How to Stop Doubting Your Greatness and Start Living an Awesome Life,Non Fiction
Thug Kitchen: The Official Cookbook: Eat Like You Give a F*ck (Thug Kitchen Cookbooks),Non Fiction
Pokémon Deluxe Essential Handbook: The Need-to-Know Stats and Facts on Over 700 Pokémon,Fiction
"Publication Manual of the American Psychological Association, 6th Edition",Non Fiction
Cravings: Recipes for All the Food You Want to Eat: A Cookbook,Non Fiction
Between the World and Me,Non Fiction
Calm the F*ck Down: An Irreverent Adult Coloring Book,Non Fiction
Dear Zoo: A Lift-the-Flap Book,Fiction
"Jesus Calling, Padded Hardcover, with Scripture references",Fiction
Night (Night),Non Fiction
Harry Potter Paperback Box Set (Books 1-7),Fiction
"Harry Potter and the Sorcerer's Stone: The Illustrated Edition (Harry Potter, Book 1)",Fiction
10-Day Green Smoothie Cleanse,Non Fiction
"Uninvited: Living Loved When You Feel Less Than, Left Out, and Lonely",Non Fiction
The Nightingale: A Novel,Fiction
Harry Potter and the Chamber of Secrets: The Illustrated Edition (Illustrated) (2),Fiction
Fahrenheit 451,Fiction
Love You Forever,Fiction
The Great Gatsby: The Only Authorized Edition,Fiction
"The Five Dysfunctions of a Team: A Leadership Fable, 20th Anniversary Edition",Fiction
All the Light We Cannot See,Fiction
"Brown Bear, Brown Bear, What Do You See?",Fiction
"The Alchemist, 25th Anniversary: A Fable About Following Your Dream",Fiction
"Fervent: A Woman's Battle Plan to Serious, Specific and Strategic Prayer",Non Fiction
The Whistler,Fiction
If Animals Kissed Good Night,Fiction
Cooking for Jeffrey: A Barefoot Contessa Cookbook,Non Fiction
"The Trials of Apollo, Book 1: The Hidden Oracle (Trials of Apollo, 1)",Fiction
Knock-Knock Jokes for Kids (Laugh-Out-Loud Jokes for Kids),Non Fiction
Puppy Birthday to You! (Paw Patrol) (Little Golden Book),Fiction
The Gifts of Imperfection: Let Go of Who You Think You're Supposed to Be and Embrace Who You Are,Fiction
"Crisis of Character: A White House Secret Service Officer Discloses His Firsthand Experience with Hillary, Bill, and How They Operate",Non Fiction
First 100 Animals,Non Fiction
"Adult Coloring Books: A Coloring Book for Adults Featuring Mandalas and Henna Inspired Flowers, Animals, and Paisley Patterns",Non Fiction
Goodnight Moon,Fiction
"Daring Greatly: How the Courage to Be Vulnerable Transforms the Way We Live, Love, Parent, and Lead",Non Fiction
Miss Peregrine's Home for Peculiar Children (Miss Peregrine's Peculiar Children),Fiction
Grit: The Power of Passion and Perseverance,Non Fiction
Emotional Intelligence 2.0,Fiction
The Underground Railroad (Pulitzer Prize Winner) (National Book Award Winner) (Oprah's Book Club): A Novel,Fiction
The Outsiders,Fiction
The Food Lab: Better Home Cooking Through Science,Non Fiction
Me Before You: A Novel (Movie Tie-In),Fiction
Chicka Chicka Boom Boom (Board Book),Non Fiction
"The Care and Keeping of You: The Body Book for Younger Girls, Revised Edition (American Girl Library)",Non Fiction
Potty (Leslie Patricelli board books),Fiction
"Tools Of Titans: The Tactics, Routines, and Habits of Billionaires, Icons, and World-Class Performers",Non Fiction
"First 100 Padded: Numbers, Colors, Shapes",Non Fiction
Good Vibes Coloring Book (Coloring is Fun) (Design Originals): 30 Beginner-Friendly & Relaxing Creative Art Activities; Positive Messages & Inspirational Quotes; Perforated Paper Resists Bleed Through,Non Fiction
The Instant Pot Electric Pressure Cooker Cookbook: Easy Recipes for Fast & Healthy Meals,Non Fiction
Quieting Your Heart: 6-Month Bible-Study Journal,Non Fiction
The Book with No Pictures,Fiction
Creative Haven Owls Coloring Book (Adult Coloring),Non Fiction
"Magnus Chase and the Gods of Asgard, Book 2 The Hammer of Thor (Magnus Chase and the Gods of Asgard, Book 2) (Magnus Chase and the Gods of Asgard, 2)",Fiction
Secret Garden: An Inky Treasure Hunt and Coloring Book for Adults,Non Fiction
Harry Potter and the Sorcerer's Stone,Fiction
Dragons Love Tacos,Fiction
D&D Player's Handbook (Dungeons & Dragons Core Rulebook),Fiction
"The Everything Kids' Science Experiments Book: Boil Ice, Float Water, Measure Gravity-Challenge the World Around You!",Non Fiction
George Orwell,Fiction
"The Giver (Giver Quartet, 1)",Fiction
,Fiction
"Thinking, Fast and Slow",Non Fiction
Little Blue Truck board book,Non Fiction
Harry Potter Coloring Book,Non Fiction
The Day the Crayons Quit,Fiction
Wonder,Fiction
Milk and Honey,Non Fiction
Giraffes Can't Dance,Fiction
The Subtle Art of Not Giving a F*ck: A Counterintuitive Approach to Living a Good Life,Non Fiction
The Getaway,Fiction
The Instant Pot Electric Pressure Cooker Cookbook: Easy Recipes for Fast & Healthy Meals,Non Fiction
Hillbilly Elegy: A Memoir of a Family and Culture in Crisis,Non Fiction
Astrophysics for People in a Hurry,Non Fiction
First 100 Words: A Padded Board Book,Non Fiction
The Whole30: The 30-Day Guide to Total Health and Food Freedom,Non Fiction
The Handmaid's Tale,Fiction
The 5 Love Languages: The Secret to Love that Lasts,Non Fiction
You Are a Badass: How to Stop Doubting Your Greatness and Start Living an Awesome Life,Non Fiction
What Happened,Non Fiction
"Oh, the Places You'll Go!",Fiction
Make Your Bed: Little Things That Can Change Your Life...And Maybe the World,Non Fiction
George Orwell,Fiction
How to Win Friends & Influence People,Non Fiction
Origin: A Novel (Robert Langdon),Fiction
A Man Called Ove: A Novel,Fiction
The Sun and Her Flowers,Non Fiction
Dear Zoo: A Lift-the-Flap Book,Fiction
The Four Agreements: A Practical Guide to Personal Freedom (A Toltec Wisdom Book),Non Fiction
The Going-To-Bed Book,Fiction
StrengthsFinder 2.0,Non Fiction
The Wonderful Things You Will Be,Fiction
The Shack: Where Tragedy Confronts Eternity,Fiction
The Life-Changing Magic of Tidying Up: The Japanese Art of Decluttering and Organizing,Non Fiction
"Option B: Facing Adversity, Building Resilience, and Finding Joy",Non Fiction
Thug Kitchen: The Official Cookbook: Eat Like You Give a F*ck (Thug Kitchen Cookbooks),Non Fiction
A Gentleman in Moscow: A Novel,Fiction
"Publication Manual of the American Psychological Association, 6th Edition",Non Fiction
Goodnight Moon,Fiction
Thirteen Reasons Why,Fiction
Leonardo da Vinci,Non Fiction
The Pout-Pout Fish,Fiction
Harry Potter and the Prisoner of Azkaban: The Illustrated Edition (3),Fiction
If Animals Kissed Good Night,Fiction
"Brown Bear, Brown Bear, What Do You See?",Fiction
D&D Player's Handbook (Dungeons & Dragons Core Rulebook),Fiction
The Very Hungry Caterpillar,Fiction
Puppy Birthday to You! (Paw Patrol) (Little Golden Book),Fiction
Laugh-Out-Loud Jokes for Kids,Non Fiction
"Tools Of Titans: The Tactics, Routines, and Habits of Billionaires, Icons, and World-Class Performers",Non Fiction
Milk and Vine: Inspirational Quotes From Classic Vines,Non Fiction
Ready Player One: A Novel,Fiction
Dog Man: A Tale of Two Kitties: From the Creator of Captain Underpants (Dog Man #3),Fiction
Obama: An Intimate Portrait,Non Fiction
The 7 Habits of Highly Effective People: Powerful Lessons in Personal Change,Non Fiction
Killers of the Flower Moon: The Osage Murders and the Birth of the FBI,Non Fiction
"The Care and Keeping of You: The Body Book for Younger Girls, Revised Edition (American Girl Library)",Non Fiction
"Uninvited: Living Loved When You Feel Less Than, Left Out, and Lonely",Non Fiction
Big Little Lies,Fiction
The Official SAT Study Guide,Non Fiction
The Whole30 Cookbook: 150 Delicious and Totally Compliant Recipes to Help You Succeed with the Whole30 and Beyond,Non Fiction
"Thinking, Fast and Slow",Non Fiction
"Jesus Calling, Padded Hardcover, with Scripture references",Non Fiction
What to Expect When You're Expecting,Non Fiction
The Glass Castle: A Memoir (book),Non Fiction
The Great Gatsby: The Only Authorized Edition,Non Fiction
The Wisdom of Sundays: Life-Changing Insights from Super Soul Conversations,Non Fiction
P is for Potty! (Sesame Street) (Lift-the-Flap),Non Fiction
The Rooster Bar,Fiction
The Giving Tree,Fiction
She Persisted: 13 American Women Who Changed the World,Non Fiction
On Tyranny: Twenty Lessons from the Twentieth Century,Non Fiction
"The Alchemist, 25th Anniversary: A Fable About Following Your Dream",Fiction
Fahrenheit 451,Fiction
Camino Island: A Novel,Fiction
Turtles All the Way Down,Fiction
The Gifts of Imperfection: Let Go of Who You Think You're Supposed to Be and Embrace Who You Are,Non Fiction
Love You Forever,Fiction
"The Pioneer Woman Cooks―Come and Get It!: Simple, Scrumptious Recipes for Crazy Busy Lives",Non Fiction
Mindset: The New Psychology of Success,Non Fiction
Where Is Baby's Belly Button? A Lift-the-Flap Book,Non Fiction
Grant,Non Fiction
Sapiens: A Brief History of Humankind,Non Fiction
The Intelligent Investor Rev Ed.: The Definitive Book on Value Investing,Non Fiction
"The Plant Paradox: The Hidden Dangers in ""Healthy"" Foods That Cause Disease and Weight Gain (The Plant Paradox, 1)",Non Fiction
"The Trials of Apollo Book Two The Dark Prophecy (Trials of Apollo, 2)",Fiction
"Everything, Everything",Fiction
Start with Why: How Great Leaders Inspire Everyone to Take Action,Non Fiction
Norse Mythology,Fiction
Beneath a Scarlet Sky: A Novel,Fiction
Dog Man Unleashed: From the Creator of Captain Underpants (Dog Man #2),Fiction
Lilac Girls: A Novel (Woolsey-Ferriday),Fiction
"Harry Potter and the Sorcerer's Stone: The Illustrated Edition (Harry Potter, Book 1)",Fiction
"Magnus Chase and the Gods of Asgard, Book 3 The Ship of the Dead (Magnus Chase and the Gods of Asgard, Book 3) (Magnus Chase and the Gods of Asgard, 3)",Fiction
"Al Franken, Giant of the Senate",Non Fiction
Principles: Life and Work,Non Fiction
"Daring Greatly: How the Courage to Be Vulnerable Transforms the Way We Live, Love, Parent, and Lead",Non Fiction
The Complete Ketogenic Diet for Beginners: Your Essential Guide to Living the Keto Lifestyle,Non Fiction
Pokemon Deluxe Essential Handbook: The Need-to-Know Stats and Facts on Over 700 Pokémon,Fiction
10-Day Green Smoothie Cleanse,Non Fiction
The Total Money Makeover: Classic Edition: A Proven Plan for Financial Fitness,Non Fiction
Dragons Love Tacos,Fiction
Harry Potter Paperback Box Set (Books 1-7),Fiction
Killing England: The Brutal Struggle for American Independence (Bill O'Reilly's Killing Series),Non Fiction
"Rosie Revere, Engineer (The Questioneers)",Non Fiction
Becoming,Non Fiction
"Girl, Wash Your Face: Stop Believing the Lies About Who You Are So You Can Become Who You Were Meant to Be",Non Fiction
The Wonky Donkey,Fiction
Fire and Fury: Inside the Trump White House,Non Fiction
Fear: Trump in the White House,Non Fiction
"Last Week Tonight with John Oliver Presents A Day in the Life of Marlon Bundo (Better Bundo Book, LGBT Children’s Book)",Fiction
12 Rules for Life: An Antidote to Chaos,Non Fiction
Magnolia Table,Non Fiction
Whose Boat Is This Boat?: Comments That Don't Help in the Aftermath of a Hurricane,Non Fiction
The Subtle Art of Not Giving a F*ck: A Counterintuitive Approach to Living a Good Life,Non Fiction
"A Higher Loyalty: Truth, Lies, and Leadership",Non Fiction
The Complete Ketogenic Diet for Beginners: Your Essential Guide to Living the Keto Lifestyle,Non Fiction
Diary of a Wimpy Kid #13: Meltdown,Fiction
The 5 Love Languages: The Secret to Love that Lasts,Non Fiction
First 100 Words: A Padded Board Book,Non Fiction
Dog Man: Lord of the Fleas: From the Creator of Captain Underpants (Dog Man #5),Fiction
Educated: A Memoir,Non Fiction
You Are a Badass: How to Stop Doubting Your Greatness and Start Living an Awesome Life,Non Fiction
"The Plant Paradox: The Hidden Dangers in ""Healthy"" Foods That Cause Disease and Weight Gain (The Plant Paradox, 1)",Non Fiction
Giraffes Can't Dance,Fiction
D&D Player's Handbook (Dungeons & Dragons Core Rulebook),Non Fiction
Homebody: A Guide to Creating Spaces You Never Want to Leave,Non Fiction
The Very Hungry Caterpillar,Fiction
Crazy Rich Asians (Crazy Rich Asians Trilogy),Fiction
The Hate U Give,Fiction
The Instant Pot Electric Pressure Cooker Cookbook: Easy Recipes for Fast & Healthy Meals,Non Fiction
The Four Agreements: A Practical Guide to Personal Freedom (A Toltec Wisdom Book),Non Fiction
The Wonderful Things You Will Be,Fiction
P is for Potty! (Sesame Street) (Lift-the-Flap),Non Fiction
The Pout-Pout Fish,Fiction
Lettering and Modern Calligraphy: A Beginner's Guide: Learn Hand Lettering and Brush Lettering,Non Fiction
"Publication Manual of the American Psychological Association, 6th Edition",Non Fiction
Dear Zoo: A Lift-the-Flap Book,Fiction
"Oh, the Places You'll Go!",Fiction
Dog Man and Cat Kid: From the Creator of Captain Underpants (Dog Man #4),Fiction
Goodnight Moon,Fiction
"Salt, Fat, Acid, Heat: Mastering the Elements of Good Cooking",Non Fiction
A Wrinkle in Time (Time Quintet),Fiction
How to Win Friends & Influence People,Non Fiction
Dog Man: Brawl of the Wild: From the Creator of Captain Underpants (Dog Man #6),Fiction
Instant Pot Pressure Cooker Cookbook: 500 Everyday Recipes for Beginners and Advanced Users. Try Easy and Healthy Instant Pot Recipes.,Non Fiction
Milk and Honey,Non Fiction
Little Fires Everywhere,Fiction
Kitchen Confidential Updated Edition: Adventures in the Culinary Underbelly (P.S.),Non Fiction
The President Is Missing: A Novel,Fiction
"School Zone - Big Preschool Workbook - 320 Pages, Ages 3 to 5, Colors, Shapes, Numbers, Early Math, Alphabet, Pre-Writing, Phonics, Following Directions, and More (School Zone Big Workbook Series)",Non Fiction
"The Plant Paradox Cookbook: 100 Delicious Recipes to Help You Lose Weight, Heal Your Gut, and Live Lectin-Free (The Plant Paradox, 2)",Non Fiction
Ready Player One: A Novel,Fiction
Fahrenheit 451,Fiction
Ship of Fools: How a Selfish Ruling Class Is Bringing America to the Brink of Revolution,Non Fiction
"The Alchemist, 25th Anniversary: A Fable About Following Your Dream",Fiction
Wonder,Fiction
To Kill a Mockingbird,Fiction
The Whole30: The 30-Day Guide to Total Health and Food Freedom,Non Fiction
Everybody Always: Becoming Love in a World Full of Setbacks and Difficult People,Non Fiction
Before We Were Yours: A Novel,Fiction
The Reckoning: A Novel,Fiction
"Brown Bear, Brown Bear, What Do You See?",Fiction
Beneath a Scarlet Sky: A Novel,Fiction
What to Expect When You're Expecting,Non Fiction
Principles: Life and Work,Non Fiction
Astrophysics for People in a Hurry,Non Fiction
Laugh-Out-Loud Jokes for Kids,Non Fiction
"Medical Medium Liver Rescue: Answers to Eczema, Psoriasis, Diabetes, Strep, Acne, Gout, Bloating, Gallstones, Adrenal Stress, Fatigue, Fatty Liver, Weight Issues, SIBO & Autoimmune Disease",Non Fiction
The Official SAT Study Guide,Non Fiction
Calm the F*ck Down: An Irreverent Adult Coloring Book,Non Fiction
"The Care and Keeping of You: The Body Book for Younger Girls, Revised Edition (American Girl Library)",Non Fiction
The Outsider: A Novel,Fiction
Where the Crawdads Sing,Fiction
D&D Dungeon Master's Guide (Dungeons & Dragons Core Rulebook),Fiction
Sapiens: A Brief History of Humankind,Non Fiction
Love You Forever,Fiction
Dragons Love Tacos,Fiction
The Woman in the Window: A Novel,Fiction
D&D Monster Manual (Dungeons & Dragons Core Rulebook),Fiction
Simply Keto: A Practical Approach to Health & Weight Loss with 100+ Easy Low-Carb Recipes,Non Fiction
StrengthsFinder 2.0,Non Fiction
Extreme Ownership: How U.S. Navy SEALs Lead and Win (New Edition),Non Fiction
The Russia Hoax: The Illicit Scheme to Clear Hillary Clinton and Frame Donald Trump,Non Fiction
How to Draw 101 Animals (1),Non Fiction
The Sun and Her Flowers,Non Fiction
The Life-Changing Magic of Tidying Up: The Japanese Art of Decluttering and Organizing,Non Fiction
"The Easy 5-Ingredient Ketogenic Diet Cookbook: Low-Carb, High-Fat Recipes for Busy People on the Keto Diet",Non Fiction
Where Do Diggers Sleep at Night? (Where Do...Series),Fiction
The 7 Habits of Highly Effective People: Powerful Lessons in Personal Change,Non Fiction
"Whiskey in a Teacup: What Growing Up in the South Taught Me About Life, Love, and Baking Biscuits",Non Fiction
Man's Search for Meaning (OLD EDITION/OUT OF PRINT),Non Fiction
The Great Alone: A Novel,Fiction
The Total Money Makeover: Classic Edition: A Proven Plan for Financial Fitness,Non Fiction
Cravings: Hungry for More: A Cookbook,Non Fiction
The Handmaid's Tale,Fiction
The Gifts of Imperfection: Let Go of Who You Think You're Supposed to Be and Embrace Who You Are,Non Fiction
The Great Gatsby: The Only Authorized Edition,Fiction
"The Body Keeps the Score: Brain, Mind, and Body in the Healing of Trauma",Non Fiction
"Gmorning, Gnight!: Little Pep Talks for Me & You",Non Fiction
Rich Dad Poor Dad: What the Rich Teach Their Kids About Money That the Poor and Middle Class Do Not!,Non Fiction
Make Your Bed: Little Things That Can Change Your Life...And Maybe the World,Non Fiction
Harry Potter Paperback Box Set (Books 1-7),Fiction
Xanathar's Guide to Everything (Dungeons & Dragons),Fiction
Where the Crawdads Sing,Fiction
Becoming,Non Fiction
Educated: A Memoir,Non Fiction
Dog Man: For Whom the Ball Rolls: From the Creator of Captain Underpants (Dog Man #7),Fiction
"Girl, Wash Your Face: Stop Believing the Lies About Who You Are So You Can Become Who You Were Meant to Be",Non Fiction
Dog Man: Fetch-22: From the Creator of Captain Underpants (Dog Man #8),Fiction
Wrecking Ball (Diary of a Wimpy Kid Book 14),Fiction
The Wonderful Things You Will Be,Fiction
"School Zone - Big Preschool Workbook - 320 Pages, Ages 3 to 5, Colors, Shapes, Numbers, Early Math, Alphabet, Pre-Writing, Phonics, Following Directions, and More (School Zone Big Workbook Series)",Non Fiction
The 5 Love Languages: The Secret to Love that Lasts,Non Fiction
"Girl, Stop Apologizing: A Shame-Free Plan for Embracing and Achieving Your Goals",Non Fiction
The Wonky Donkey,Fiction
The Subtle Art of Not Giving a F*ck: A Counterintuitive Approach to Living a Good Life,Non Fiction
Difficult Riddles For Smart Kids: 300 Difficult Riddles And Brain Teasers Families Will Love (Books for Smart Kids),Non Fiction
"Salt, Fat, Acid, Heat: Mastering the Elements of Good Cooking",Non Fiction
The Very Hungry Caterpillar,Fiction
"What Should Danny Do? (The Power to Choose Series) (The Power to Choose, 1)",Fiction
It's Not Supposed to Be This Way: Finding Unexpected Strength When Disappointments Leave You Shattered,Non Fiction
"I Am Confident, Brave & Beautiful: A Coloring Book for Girls",Non Fiction
The Four Agreements: A Practical Guide to Personal Freedom (A Toltec Wisdom Book),Non Fiction
Unfreedom of the Press,Non Fiction
Dog Man: Brawl of the Wild: From the Creator of Captain Underpants (Dog Man #6),Fiction
Giraffes Can't Dance,Fiction
If Animals Kissed Good Night,Fiction
"Oh, the Places You'll Go!",Fiction
Howard Stern Comes Again,Non Fiction
Guts: A Graphic Novel,Non Fiction
The Life-Changing Magic of Tidying Up: The Japanese Art of Decluttering and Organizing,Non Fiction
"Harry Potter and the Goblet of Fire: The Illustrated Edition (Harry Potter, Book 4) (Illustrated edition) (4)",Fiction
National Geographic Little Kids First Big Book of Why (National Geographic Little Kids First Big Books),Non Fiction
Instant Pot Pressure Cooker Cookbook: 500 Everyday Recipes for Beginners and Advanced Users. Try Easy and Healthy Instant Pot Recipes.,Non Fiction
"The Body Keeps the Score: Brain, Mind, and Body in the Healing of Trauma",Non Fiction
Good Days Start With Gratitude: A 52 Week Guide To Cultivate An Attitude Of Gratitude: Gratitude Journal,Non Fiction
Goodnight Moon,Fiction
The Complete Ketogenic Diet for Beginners: Your Essential Guide to Living the Keto Lifestyle,Non Fiction
Unicorn Coloring Book: For Kids Ages 4-8 (US Edition) (Silly Bear Coloring Books),Non Fiction
Strange Planet (Strange Planet Series),Fiction
D&D Player's Handbook (Dungeons & Dragons Core Rulebook),Fiction
The Silent Patient,Fiction
"5,000 Awesome Facts (About Everything!)",Non Fiction
To Kill a Mockingbird,Fiction
You Are a Badass: How to Stop Doubting Your Greatness and Start Living an Awesome Life,Non Fiction
"National Geographic Kids Why?: Over 1,111 Answers to Everything",Non Fiction
Can't Hurt Me: Master Your Mind and Defy the Odds,Non Fiction
The Guardians: A Novel,Fiction
P is for Potty! (Sesame Street) (Lift-the-Flap),Non Fiction
The Total Money Makeover: Classic Edition: A Proven Plan for Financial Fitness,Non Fiction
"Brown Bear, Brown Bear, What Do You See?",Fiction
The Unofficial Harry Potter Cookbook: From Cauldron Cakes to Knickerbocker Glory--More Than 150 Magical Recipes for Wizards and Non-Wizards Alike (Unofficial Cookbook),Fiction
The Mueller Report,Non Fiction
Zen as F*ck (Zen as F*ck Journals),Non Fiction
Rich Dad Poor Dad: What the Rich Teach Their Kids About Money That the Poor and Middle Class Do Not!,Non Fiction
The Institute: A Novel,Fiction
The Testaments: The Sequel to The Handmaid's Tale,Fiction
Super Deluxe Essential Handbook (Pokémon): The Need-to-Know Stats and Facts on Over 800 Characters,Non Fiction
Lettering and Modern Calligraphy: A Beginner's Guide: Learn Hand Lettering and Brush Lettering,Non Fiction
"Carson Dellosa First Words Flash Cards, High Frequency Vocabulary Words and Picture for Preschool and Kindergarten, Sight Word Game for Toddlers Ages 4+ (54 Cards) Cards",Non Fiction
Atomic Habits: An Easy & Proven Way to Build Good Habits & Break Bad Ones,Non Fiction
Make Your Bed: Little Things That Can Change Your Life...And Maybe the World,Non Fiction
The Gifts of Imperfection: Let Go of Who You Think You're Supposed to Be and Embrace Who You Are,Non Fiction
Sapiens: A Brief History of Humankind,Non Fiction
What to Expect When You're Expecting,Non Fiction
Where the Crawdads Sing,Fiction
"Daring Greatly: How the Courage to Be Vulnerable Transforms the Way We Live, Love, Parent, and Lead",Non Fiction
"The Alchemist, 25th Anniversary: A Fable About Following Your Dream",Fiction
"Publication Manual of the American Psychological Association, 6th Edition",Non Fiction
The Pout-Pout Fish,Fiction
Talking to Strangers: What We Should Know about the People We Don't Know,Non Fiction
Dear Zoo: A Lift-the-Flap Book,Fiction
The Overstory: A Novel,Fiction
Fahrenheit 451,Fiction
StrengthsFinder 2.0,Non Fiction
12 Rules for Life: An Antidote to Chaos,Non Fiction
Eleanor Oliphant Is Completely Fine: A Novel,Fiction
Me: Elton John Official Autobiography,Non Fiction
The Road Back to You: An Enneagram Journey to Self-Discovery,Non Fiction
The Tattooist of Auschwitz: A Novel,Fiction
People of Walmart Adult Coloring Book: Rolling Back Dignity,Non Fiction
The Great Gatsby: The Only Authorized Edition,Fiction
The Complete Cookbook for Young Chefs: 100+ Recipes that You'll Love to Cook and Eat,Non Fiction
"Blowout: Corrupted Democracy, Rogue State Russia, and the Richest, Most Destructive Industry on Earth",Non Fiction
Love You Forever,Fiction
"The Easy 5-Ingredient Ketogenic Diet Cookbook: Low-Carb, High-Fat Recipes for Busy People on the Keto Diet",Non Fiction
The Giving Tree,Fiction
Dragons Love Tacos,Fiction
How to Win Friends & Influence People,Non Fiction
Magnolia Table,Non Fiction
The Obesity Code - Unlocking the Secrets of Weight Loss (Book 1),Non Fiction
"Magic Tree House Boxed Set, Books 1-4: Dinosaurs Before Dark, The Knight at Dawn, Mummies in the Morning, and Pirates Past Noon",Fiction
Then She Was Gone: A Novel,Fiction
The Pioneers: The Heroic Story of the Settlers Who Brought the American Ideal West,Non Fiction
Wacky Waving Inflatable Tube Guy (RP Minis),Fiction
"Medical Medium Liver Rescue: Answers to Eczema, Psoriasis, Diabetes, Strep, Acne, Gout, Bloating, Gallstones, Adrenal Stress, Fatigue, Fatty Liver, Weight Issues, SIBO & Autoimmune Disease",Non Fiction
"The Care and Keeping of You: The Body Book for Younger Girls, Revised Edition (American Girl Library)",Non Fiction
There's No Place Like Space: All About Our Solar System (Cat in the Hat's Learning Library),Non Fiction
How to Draw 101 Animals (1),Non Fiction
Simply Keto: A Practical Approach to Health & Weight Loss with 100+ Easy Low-Carb Recipes,Non Fiction
The Outsiders,Fiction
The Try Not to Laugh Challenge - Would Your Rather? - EWW Edition,Non Fiction
